Staff Name,Day,Period,Class,Subject,Room No
Dr.G.Kalpana,1,1,,,
Dr.G.Kalpana,1,2,,,
Dr.G.Kalpana,1,3,II CS A,MM ,401
Dr.G.Kalpana,1,4,,,
Dr.G.Kalpana,1,5,II CS A,MM ,401
Dr.G.Kalpana,1,6,II CS A,MM ,401
Dr.G.Kalpana,1,7,II CS A,MM ,401
Dr.G.Kalpana,1,8,II CS A,MM ,702
Dr.G.Kalpana,1,9,,,
Dr.G.Kalpana,2,1,,,
Dr.G.Kalpana,2,2,,,
Dr.G.Kalpana,2,3,,,
Dr.G.Kalpana,2,4,,,
Dr.G.Kalpana,2,5,,,
Dr.G.Kalpana,2,6,II CS A,MM ,701
Dr.G.Kalpana,2,7,III CS A,PRJ,703
Dr.G.Kalpana,2,8,,,
Dr.G.Kalpana,2,9,,,
Dr.G.Kalpana,3,1,,,
Dr.G.Kalpana,3,2,,,
Dr.G.Kalpana,3,3,,,
Dr.G.Kalpana,3,4,,,
Dr.G.Kalpana,3,5,II CS A,MM ,401
Dr.G.Kalpana,3,6,II CS A,MM ,401
Dr.G.Kalpana,3,7,,,
Dr.G.Kalpana,3,8,,,
Dr.G.Kalpana,3,9,,,
Dr.G.Kalpana,4,1,II CS A,MM ,707
Dr.G.Kalpana,4,2,,,
Dr.G.Kalpana,4,3,,,
Dr.G.Kalpana,4,4,,,
Dr.G.Kalpana,4,5,,,
Dr.G.Kalpana,4,6,,,
Dr.G.Kalpana,4,7,,,
Dr.G.Kalpana,4,8,,,
Dr.G.Kalpana,4,9,III CS A,PRJ,704
Dr.G.Kalpana,5,1,III CS A,PRJ,504
Dr.G.Kalpana,5,2,II CS A,MM ,706
Dr.G.Kalpana,5,3,,,
Dr.G.Kalpana,5,4,,,
Dr.G.Kalpana,5,5,,,
Dr.G.Kalpana,5,6,,,
Dr.G.Kalpana,5,7,,,
Dr.G.Kalpana,5,8,III CS A,PRJ,704
Dr.G.Kalpana,5,9,,,
